metric,delta
acc_id,0.0
acc_mid,-0.006199999999999983
acc_ood,0.03079999999999994
