Metric,Delta
Loss,-1.4270755193412593e-7
ID,0.0
MID,0.026799999999999935
OOD,0.08579999999999999
OOD7,
OOD8,
