model,epoch,pB,loss,ID,MID,OOD
H+L,30,0.6,4.094822816694435e-8,1.0,0.8854,0.797
H+H,30,0.6,1.8365578010107028e-7,1.0,0.8586,0.7112
