Metric,Delta
Loss,0.044838259488331464
ID,0.03699999999999992
MID,0.08999999999999997
OOD,0.06499999999999995
OOD7,0.05799999999999994
OOD8,0.07199999999999995
