Metric,Delta
Loss,0.019392140549769114
ID,0.052999999999999936
MID,0.123
OOD,0.11699999999999999
OOD7,0.11599999999999999
OOD8,0.118
