Model,Epoch,pB,Loss,ID,MID,OOD,OOD7,OOD8
H+L,50,1.0,0.13543148464731053,0.96,0.77,0.693,0.696,0.69
H+H,50,1.0,0.09059322515897907,0.923,0.68,0.628,0.638,0.618
