Model,Epoch,pB,Loss,ID,MID,OOD,OOD7,OOD8
H+L,100,1.0,0.05999790815203577,0.965,0.783,0.704,0.712,0.696
H+H,100,1.0,0.040605767602266654,0.912,0.66,0.587,0.596,0.578
